标题,描述,预估工时（小时）,任务等级,计划开始日期,计划完成日期
掌握开发环境搭建-JDK17/Maven/IDEA配置,搭建JDK 17、IntelliJ IDEA、Maven开发环境，理解各组件作用,1.5,高,2026-02-04,2026-02-04
掌握Java环境配置-变量与HelloWorld,配置Java环境变量，编写第一个HelloWorld程序理解运行机制,1,高,2026-02-04,2026-02-04
熟悉IDEA-Maven仓库与项目创建,配置Maven国内镜像仓库，创建第一个Maven项目理解项目结构,0.5,中,2026-02-04,2026-02-04
掌握Java语法-变量类型与控制流,学习变量声明、数据类型、String操作、条件循环语法,1.5,高,2026-02-05,2026-02-05
理解Java面向对象-类接口与异常,掌握类定义、接口实现、继承机制、异常处理语法,1.5,高,2026-02-05,2026-02-05
掌握Java集合框架-OOP与List/Map/Set,理解面向对象思想，掌握List、Map、Set常用集合,1.5,高,2026-02-06,2026-02-06
实践Java编程-图书管理小项目,编写图书管理系统巩固OOP和集合知识，理解封装思想,1.5,中,2026-02-06,2026-02-06
掌握Spring Boot-项目创建与自动配置,使用Spring Initializr创建项目，理解自动配置原理,1.5,高,2026-02-07,2026-02-07
实践REST API-Controller编写与测试,编写@RestController控制器，测试第一个REST接口,1.5,高,2026-02-07,2026-02-07
掌握JPA实体设计-Entity与Repository,设计User实体，理解@Entity、@Repository、DTO模式,1.5,高,2026-02-24,2026-02-24
实现用户注册-接口与密码加密,实现注册接口，掌握BCrypt密码加密原理和使用,1.5,高,2026-02-24,2026-02-24
理解JWT认证-原理与工具类封装,学习JWT结构，实现JwtUtil工具类掌握token生成验证,1,高,2026-02-25,2026-02-25
实现登录功能-拦截器与Token验证,编写登录接口，配置拦截器实现请求token验证,1,高,2026-02-25,2026-02-25
掌握权限控制-用户信息管理接口,实现权限判断，编写用户信息查询与修改接口,1.5,中,2026-02-26,2026-02-26
掌握接口文档-Swagger注解与文档生成,使用Swagger/Knife4j注解自动生成API文档,1.5,中,2026-02-26,2026-02-26
掌握商品模型设计-Book实体与关系,设计Book实体，理解JPA关系映射和数据库设计,1.5,高,2026-02-27,2026-02-27
掌握Lombok-代码简化注解使用,使用@Data等注解简化Entity类，理解编译期代码生成,1,中,2026-02-27,2026-02-27
理解文件上传-MultipartFile处理,掌握MultipartFile接口，设计图片上传存储方案,1.5,高,2026-02-28,2026-02-28
实现商品发布-功能与数据验证,编写商品发布接口，掌握@Valid参数验证使用,1.5,高,2026-02-28,2026-02-28
掌握分页查询-Page与分页原理,理解Spring Data JPA分页机制，掌握Pageable接口,1,高,2026-03-02,2026-03-02
实现商品列表-分页接口编写,编写商品列表接口，返回分页数据结构,1,高,2026-03-02,2026-03-02
掌握商品搜索-关键词模糊查询,实现关键词搜索，理解like查询和索引优化,1,中,2026-03-03,2026-03-03
理解缓存原理-Spring Cache注解,学习缓存穿透/击穿/雪崩，掌握@Cacheable等注解,1,高,2026-03-03,2026-03-03
实现商品详情-详情页与Redis缓存,编写详情接口，集成Redis实现数据缓存,1,高,2026-03-04,2026-03-04
掌握高级搜索-多条件筛选排序,实现动态条件查询，理解Specification动态查询,1,中,2026-03-04,2026-03-04
掌握Redis数据结构-Hash与购物车,使用Redis Hash存储购物车，理解Hash数据结构,1,高,2026-03-09,2026-03-09
实现购物车功能-CRUD接口编写,编写购物车增删改查接口，掌握RedisTemplate使用,2,高,2026-03-09,2026-03-09
理解Spring事务-@Transactional原理,学习事务ACID特性，掌握@Transactional注解使用,1,高,2026-03-10,2026-03-10
实现订单创建-接口与乐观锁防并发,编写订单创建接口，使用@Version乐观锁,2,高,2026-03-10,2026-03-10
掌握状态机设计-订单状态流转,设计订单状态机，理解状态流转业务逻辑,1,中,2026-03-11,2026-03-11
实现定时任务-订单状态自动变更,使用@Scheduled实现定时检查和状态变更,1,中,2026-03-11,2026-03-11
掌握并发控制-乐观锁与Redis预减,学习并发问题，使用Redis预减库存防止超卖,1.5,高,2026-03-12,2026-03-12
实现库存扣减-安全库存逻辑,编写安全的库存扣减代码，理解原子性操作,1.5,高,2026-03-12,2026-03-12
理解支付流程-支付宝签名验证,学习支付宝支付流程，掌握签名和验签机制,1,中,2026-03-13,2026-03-13
实现支付模拟-支付接口与回调,编写模拟支付接口，理解异步回调处理,1,中,2026-03-13,2026-03-13
理解异步处理-解耦业务逻辑,学习异步处理优势，体验异步通知场景,1,中,2026-03-14,2026-03-14
掌握Spring异步-@Async与线程池,配置线程池，使用@Async实现异步方法调用,1,高,2026-03-14,2026-03-14
实现异步通知-邮件短信发送,编写异步邮件和短信发送，理解解耦优势,1,中,2026-03-15,2026-03-15
掌握消息队列-RabbitMQ基础架构,安装RabbitMQ，理解生产者、消费者、交换机模型,1,高,2026-03-15,2026-03-15
实践RabbitMQ-消息发送与接收,使用RabbitMQ实现订单消息的发送和消费,1,中,2026-03-16,2026-03-16
掌握定时任务-Cron与@Scheduled,学习Cron表达式语法，使用@Scheduled创建定时任务,1,高,2026-03-16,2026-03-16
实现订单超时处理-自动取消功能,编写定时任务自动取消超时未支付订单,1,中,2026-03-17,2026-03-17
掌握日志系统-SLF4J与Logback,配置logback.xml，理解日志级别和输出格式,1,中,2026-03-17,2026-03-17
掌握监控端点-Actuator健康检查,配置Actuator端点，理解应用监控机制,1,中,2026-03-18,2026-03-18
掌握单元测试-JUnit与Mockito,学习JUnit 5注解，使用Mockito mock依赖,1.5,高,2026-03-18,2026-03-18
实践测试编写-Service层测试,编写UserService单元测试，理解断言和验证,1.5,高,2026-03-19,2026-03-19
掌握接口文档-Swagger/Knife4j使用,学习Swagger注解，配置Knife4j UI,1,中,2026-03-19,2026-03-19
完善API文档-为现有接口添加文档,为已完成的接口补充完整的Swagger文档,1,中,2026-03-20,2026-03-20
掌握安全防护-SQL注入与XSS防护,学习安全漏洞原理，掌握防护措施,1.5,高,2026-03-20,2026-03-20
实践安全加固-添加防护措施,为项目添加参数验证、SQL防注入、XSS过滤,1.5,高,2026-03-21,2026-03-21
掌握Docker容器-Dockerfile编写,学习Docker核心概念，编写多阶段构建Dockerfile,1.5,高,2026-03-21,2026-03-21
掌握Docker编排-Compose多容器,使用docker-compose编排应用和数据库,1.5,中,2026-03-22,2026-03-22
理解多环境配置-dev/test/prof隔离,配置多环境profile，理解环境隔离重要性,1.5,中,2026-03-22,2026-03-22
实践Docker部署-本地项目容器化,使用Docker本地部署完整项目并验证,1.5,中,2026-03-23,2026-03-23
掌握数据库优化-索引与慢查询,学习索引设计原则，分析慢查询并优化,1,中,2026-03-23,2026-03-23
掌握连接池-HikariCP配置调优,配置HikariCP参数，理解连接池原理,1,中,2026-03-24,2026-03-24
掌握Nginx-反向代理与负载均衡,学习Nginx核心配置，理解反向代理原理,1,中,2026-03-24,2026-03-24
实践Nginx配置-代理配置练习,配置Nginx反向代理Spring Boot应用,1,中,2026-03-25,2026-03-25
掌握项目整合-模块合并与异常处理,整合所有模块，统一异常处理和响应格式,1.5,高,2026-03-25,2026-03-25
实践项目测试-用例编写与执行,编写完整测试用例，验证业务流程,1.5,中,2026-03-26,2026-03-26
掌握性能优化-代码重构技巧,学习性能优化方法，重构低效代码,2,高,2026-03-26,2026-03-26
掌握项目文档-部署文档与README,编写规范的部署文档和项目README,1,中,2026-03-27,2026-03-27
实践项目部署-Docker部署实战,使用Docker完整部署项目到服务器,1.5,高,2026-03-27,2026-03-27
掌握环境测试-测试环境部署验证,部署到测试环境，执行完整功能验收,1.5,中,2026-03-28,2026-03-28
掌握项目上线-生产部署与备份,执行生产环境部署，完成代码备份和安全检查,1.5,高,2026-03-28,2026-03-28
实践项目验收-功能完整性检查,逐项验收功能，确保交付质量,1,中,2026-03-29,2026-03-29
梳理知识体系-思维导图制作,梳理全部知识点，制作完整思维导图,1.5,低,2026-03-29,2026-03-29
整理学习笔记-核心知识点归纳,整理和归纳核心知识点，形成个人知识库,1.5,低,2026-03-30,2026-03-30
查漏补缺-重点知识巩固复习,查漏补缺，巩固重点和难点知识,1.5,低,2026-03-30,2026-03-30
规划进阶路径-Java后续学习方向,制定Java进阶学习路径，明确下一步目标,1.5,低,2026-03-31,2026-03-31
